Virus name	Accession ID	Collection date	Location	Host	Additional location information	Sampling strategy	Gender	Patient age	Patient status	Last vaccinated	Passage	Specimen	Additional host information	Lineage	Clade	AA Substitutions
hCoV-19/Poland/PZH-GUM-0596/2021	EPI_ISL_2140237	2021-04-30	Europe / Poland / Zachodniopomorskie	Human			Male	40	unknown		Original			AY.1	GK	(NSP14_M315I,N_G215C,Spike_T95I,N_D63G,N_R203M,NSP12_G671S,Spike_K417N,Spike_G142D,NS3_S26L,Spike_P681R,Spike_R158del,NSP3_P1228L,NS7a_V82A,NSP3_A488S,Spike_F157del,NSP4_T492I,NSP14_A394V,Spike_T19R,NS7a_T120I,Spike_W258L,N_D377Y,M_I82T,Spike_D950N,NS7b_T40I,NSP13_P77L,Spike_E156G,NSP3_P1469S,Spike_T478K,NSP6_T77A,NSP12_P323L,Spike_D614G,NSP4_V167L,Spike_L452R)
hCoV-19/Poland/PZH-GUM-0600/2021	EPI_ISL_2140241	2021-05-06	Europe / Poland / Zachodniopomorskie	Human			Male	46	unknown		Original			AY.1	GK	(NSP14_M315I,N_G215C,Spike_T95I,N_D63G,N_R203M,NSP12_G671S,Spike_K417N,Spike_G142D,NS3_S26L,Spike_P681R,Spike_R158del,NSP3_P1228L,NS7a_V82A,NSP3_A488S,Spike_F157del,NSP4_T492I,NSP14_A394V,Spike_T19R,NS7a_T120I,Spike_W258L,N_D377Y,M_I82T,Spike_D950N,NS7b_T40I,NSP13_P77L,Spike_E156G,NSP3_P1469S,Spike_T478K,NSP6_T77A,NSP12_P323L,Spike_D614G,NSP4_V167L,Spike_L452R)
hCoV-19/Poland/PZH-LUM-1480/2021	EPI_ISL_2726813	2021-06-05	Europe / Poland / Zachodniopomorskie	Human			Male	65	unknown		Original			AY.1	GK	(NSP14_M315I,Spike_T95I,N_D63G,N_R203M,NSP12_G671S,Spike_K417N,Spike_G142D,NS3_S26L,NSP3_P1228L,NS7a_V82A,NSP3_A488S,NSP4_T492I,NSP14_A394V,NS7a_T120I,Spike_W258L,N_D377Y,M_I82T,Spike_D950N,NS7b_T40I,NSP13_P77L,NSP3_P1469S,Spike_T478K,NSP6_T77A,NSP12_P323L,Spike_D614G,Spike_L452R,NSP4_V167L)
hCoV-19/Poland/PZH-LUM-1481/2021	EPI_ISL_2726814	2021-06-06	Europe / Poland / Zachodniopomorskie	Human			Female	70	unknown		Original			AY.1	GK	(NSP14_M315I,Spike_T95I,N_D63G,N_R203M,NSP12_G671S,Spike_K417N,Spike_G142D,NS3_S26L,NSP3_P1228L,NS7a_V82A,NSP3_A488S,NSP4_T492I,NSP14_A394V,NS7a_T120I,Spike_W258L,N_D377Y,M_I82T,Spike_D950N,NS7b_T40I,NSP13_P77L,NSP3_P1469S,Spike_T478K,NSP6_T77A,NSP12_P323L,Spike_D614G,Spike_L452R,NSP4_V167L)
hCoV-19/Poland/PZH-GUM-1813/2021	EPI_ISL_2897106	2021-06-30	Europe / Poland / Zachodniopomorskie	Human			Male	16	unknown		Original			AY.1	GK	(NSP14_M315I,N_G215C,Spike_T95I,N_D63G,N_R203M,NSP12_G671S,Spike_K417N,Spike_G142D,NS3_S26L,Spike_P681R,Spike_R158del,NSP3_P1228L,NS7a_V82A,NSP3_A488S,Spike_F157del,NSP4_T492I,NSP14_A394V,Spike_T19R,NS7a_T120I,Spike_W258L,N_D377Y,M_I82T,NSP6_K8N,Spike_D950N,NS7b_T40I,NSP13_P77L,Spike_E156G,NSP3_P1469S,Spike_T478K,NSP6_T77A,NSP12_P323L,Spike_D614G,NSP4_V167L,Spike_L452R)
hCoV-19/Poland/PZH-GUM-1815/2021	EPI_ISL_2897108	2021-06-30	Europe / Poland / Zachodniopomorskie	Human			Male	35	unknown		Original			AY.1	GK	(NSP14_M315I,N_G215C,Spike_T95I,N_D63G,N_R203M,NSP12_G671S,Spike_K417N,Spike_G142D,NS3_S26L,Spike_P681R,Spike_R158del,NSP3_P1228L,NS7a_V82A,NSP3_A488S,Spike_F157del,NSP4_T492I,NSP14_A394V,Spike_T19R,NS7a_T120I,Spike_W258L,N_D377Y,M_I82T,NSP6_K8N,Spike_D950N,NS7b_T40I,NSP13_P77L,Spike_E156G,NSP3_P1469S,Spike_T478K,NSP6_T77A,NSP12_P323L,Spike_D614G,NSP4_V167L,Spike_L452R)
hCoV-19/Poland/PZH-GUM-1817/2021	EPI_ISL_2897110	2021-06-30	Europe / Poland / Zachodniopomorskie	Human			Female	29	unknown		Original			AY.1	GK	(NSP14_M315I,N_G215C,Spike_T95I,N_D63G,N_R203M,NSP12_G671S,Spike_K417N,Spike_G142D,NS3_S26L,Spike_P681R,Spike_R158del,NSP3_P1228L,NS7a_V82A,NSP3_A488S,Spike_F157del,NSP4_T492I,NSP14_A394V,Spike_T19R,NS7a_T120I,Spike_W258L,N_D377Y,M_I82T,NSP6_K8N,Spike_D950N,NS7b_T40I,NSP13_P77L,Spike_E156G,NSP3_P1469S,Spike_T478K,NSP6_T77A,NSP12_P323L,Spike_D614G,NSP4_V167L,Spike_L452R)
hCoV-19/Poland/PZH-UMB-1839/2021	EPI_ISL_3009179	2021-07-01	Europe / Poland / Zachodniopomorskie / Szczecin	Human			Female	82	unknown		Original			AY.1	GK	(M_I82T,NSP6_K8N,Spike_K417N,NSP13_P77L,Spike_P681R,NSP12_P323L,Spike_D614G,NSP4_V167L,NS7a_V82A,NSP14_A394V,N_S235F)
hCoV-19/Poland/PZH-UMB-1841/2021	EPI_ISL_3009180	2021-07-01	Europe / Poland / Zachodniopomorskie / Szczecin	Human			Male	61	unknown		Original			AY.1	GK	(NSP14_M315I,N_G215C,Spike_T95I,N_D63G,N_R203M,NSP12_G671S,Spike_K417N,Spike_G142D,NS3_S26L,Spike_P681R,Spike_R158del,NSP3_P1228L,NS7a_V82A,NSP3_A488S,Spike_F157del,NSP4_T492I,NSP14_A394V,Spike_T19R,NS7a_T120I,Spike_W258L,N_D377Y,M_I82T,NSP6_K8N,Spike_D950N,NS7b_T40I,NSP3_T186I,NSP13_P77L,Spike_E156G,NSP3_P1469S,Spike_T478K,NSP6_T77A,NSP12_P323L,Spike_D614G,NSP4_V167L,Spike_L452R)
hCoV-19/Poland/PZH-UMB-1842/2021	EPI_ISL_3009181	2021-07-02	Europe / Poland / Zachodniopomorskie / Szczecin	Human			Female	24	unknown		Original			AY.1	GK	(M_I82T,NSP6_K8N,Spike_K417N,NSP13_P77L,Spike_P681R,NSP12_P323L,Spike_D614G,NSP4_V167L,Spike_L452R,NS7a_V82A,NSP14_A394V)
